,MRR,Hits@1,Hits@5,Hits@10,Precision@10
HeteroGAT,0.11120157156115408,0.0547945205479452,0.136986301369863,0.1780821917808219,0.01780821917808219
